INSERT INTO public.album (album_id, title, year_) VALUES(1, 'Я получил эту роль', '1989-05-10');
INSERT INTO public.album (album_id, title, year_) VALUES(3, 'Актриса Весна', '1992-06-05');
INSERT INTO public.album (album_id, title, year_) VALUES(4, 'Это всё...', '1995-08-12');
INSERT INTO public.album (album_id, title, year_) VALUES(5, 'Шансоньетка', '1995-09-01');
INSERT INTO public.album (album_id, title, year_) VALUES(6, 'Прописка', '2023-07-06');
INSERT INTO public.album (album_id, title, year_) VALUES(7, 'Понты Амура', '2005-12-25');
INSERT INTO public.album (album_id, title, year_) VALUES(8, 'Сергей Есенин', '1997-05-11');
INSERT INTO public.album (album_id, title, year_) VALUES(9, 'Jazz Love', '2016-05-07');
INSERT INTO public.album (album_id, title, year_) VALUES(10, 'Live', '1998-01-29');
INSERT INTO public.album (album_id, title, year_) VALUES(11, 'The Lady Wants to Know', '1994-07-15');
INSERT INTO public.album (album_id, title, year_) VALUES(12, 'Bewitched', '1993-06-14');
INSERT INTO public.album (album_id, title, year_) VALUES(13, 'The Blue Cafe', '1998-03-22');
INSERT INTO public.album (album_id, title, year_) VALUES(14, 'On the Beach', '1986-04-18');
INSERT INTO public.album (album_id, title, year_) VALUES(15, 'The Road to Hell', '1989-03-31');
INSERT INTO public.album (album_id, title, year_) VALUES(16, 'Dancing with Strangers', '1987-06-06');
INSERT INTO public.album (album_id, title, year_) VALUES(21, 'Оттепель', '1991-04-03');

INSERT INTO public.album_artist (album_id, artist_id) VALUES(1, 1);
INSERT INTO public.album_artist (album_id, artist_id) VALUES(3, 1);
INSERT INTO public.album_artist (album_id, artist_id) VALUES(4, 1);
INSERT INTO public.album_artist (album_id, artist_id) VALUES(21, 1);
INSERT INTO public.album_artist (album_id, artist_id) VALUES(5, 2);
INSERT INTO public.album_artist (album_id, artist_id) VALUES(6, 2);
INSERT INTO public.album_artist (album_id, artist_id) VALUES(7, 2);
INSERT INTO public.album_artist (album_id, artist_id) VALUES(8, 2);
INSERT INTO public.album_artist (album_id, artist_id) VALUES(9, 3);
INSERT INTO public.album_artist (album_id, artist_id) VALUES(10, 3);
INSERT INTO public.album_artist (album_id, artist_id) VALUES(11, 3);
INSERT INTO public.album_artist (album_id, artist_id) VALUES(12, 3);
INSERT INTO public.album_artist (album_id, artist_id) VALUES(13, 4);
INSERT INTO public.album_artist (album_id, artist_id) VALUES(14, 4);
INSERT INTO public.album_artist (album_id, artist_id) VALUES(15, 4);
INSERT INTO public.album_artist (album_id, artist_id) VALUES(16, 4);

INSERT INTO public.artist (artist_id, name_artist) VALUES(1, 'DDT');
INSERT INTO public.artist (artist_id, name_artist) VALUES(2, 'Александр Новиков');
INSERT INTO public.artist (artist_id, name_artist) VALUES(4, 'Chris Rea');
INSERT INTO public.artist (artist_id, name_artist) VALUES(3, 'Laura Fygi');

INSERT INTO public.collection (collection_id, name_collection, year_of_relise) VALUES(2, 'Collection_2', '2012-09-25');
INSERT INTO public.collection (collection_id, name_collection, year_of_relise) VALUES(3, 'Collection_3', '2000-05-01');
INSERT INTO public.collection (collection_id, name_collection, year_of_relise) VALUES(1, 'Collection_1', '2019-04-15');
INSERT INTO public.collection (collection_id, name_collection, year_of_relise) VALUES(4, 'Collection_4', '2020-11-14');

INSERT INTO public.genre (genre_id, title) VALUES(1, 'Blues');
INSERT INTO public.genre (genre_id, title) VALUES(2, 'Rock');
INSERT INTO public.genre (genre_id, title) VALUES(3, 'Шансон');
INSERT INTO public.genre (genre_id, title) VALUES(4, 'Blues-Rock');

INSERT INTO public.genres_artist (genre_id, artist_id) VALUES(1, 3);
INSERT INTO public.genres_artist (genre_id, artist_id) VALUES(1, 4);
INSERT INTO public.genres_artist (genre_id, artist_id) VALUES(2, 1);
INSERT INTO public.genres_artist (genre_id, artist_id) VALUES(2, 4);
INSERT INTO public.genres_artist (genre_id, artist_id) VALUES(3, 2);
INSERT INTO public.genres_artist (genre_id, artist_id) VALUES(4, 4);

INSERT INTO public.song (song_id, "name", album_id, duration) VALUES(1, 'Поэт', 1, '04:28:00');
INSERT INTO public.song (song_id, "name", album_id, duration) VALUES(2, 'Мальчики-мажоры', 1, '04:30:00');
INSERT INTO public.song (song_id, "name", album_id, duration) VALUES(3, 'Конвейер', 1, '3:07');
INSERT INTO public.song (song_id, "name", album_id, duration) VALUES(4, 'Не стреляй!', 1, '4:24');
INSERT INTO public.song (song_id, "name", album_id, duration) VALUES(5, 'Церковь', 1, '5:21');
INSERT INTO public.song (song_id, "name", album_id, duration) VALUES(6, 'Террорист', 1, '4:04');
INSERT INTO public.song (song_id, "name", album_id, duration) VALUES(7, 'Дождь', 3, '5:03');
INSERT INTO public.song (song_id, "name", album_id, duration) VALUES(8, 'В последнюю осень', 3, '4:44');
INSERT INTO public.song (song_id, "name", album_id, duration) VALUES(9, 'Фома', 3, '6:50');
INSERT INTO public.song (song_id, "name", album_id, duration) VALUES(10, 'Родина', 3, '4:36');
INSERT INTO public.song (song_id, "name", album_id, duration) VALUES(11, 'Храм', 3, '5:27');
INSERT INTO public.song (song_id, "name", album_id, duration) VALUES(12, 'Что такое осень', 3, '4:56');
INSERT INTO public.song (song_id, "name", album_id, duration) VALUES(13, 'Глазища', 4, '05:09:00');
INSERT INTO public.song (song_id, "name", album_id, duration) VALUES(14, 'Ветер', 4, '04:52:00');
INSERT INTO public.song (song_id, "name", album_id, duration) VALUES(15, 'Четыре окна', 4, '04:17:00');
INSERT INTO public.song (song_id, "name", album_id, duration) VALUES(16, 'Белая ночь', 4, '06:54:00');
INSERT INTO public.song (song_id, "name", album_id, duration) VALUES(17, 'Российское танго', 4, '05:01:00');
INSERT INTO public.song (song_id, "name", album_id, duration) VALUES(18, 'Агидель (Белая река', 4, '04:58:00');
INSERT INTO public.song (song_id, "name", album_id, duration) VALUES(19, 'Милиционер в рок-клубе', 21, '03:25:00');
INSERT INTO public.song (song_id, "name", album_id, duration) VALUES(20, 'Пост-интеллигент', 21, '04:34:00');
INSERT INTO public.song (song_id, "name", album_id, duration) VALUES(21, 'Конвейер, или Брейк-данс по-русски', 21, '03:12:00');
INSERT INTO public.song (song_id, "name", album_id, duration) VALUES(22, 'Мама, я любера люблю!', 21, '03:40:00');
INSERT INTO public.song (song_id, "name", album_id, duration) VALUES(23, 'Большая женщина', 21, '02:32:00');
INSERT INTO public.song (song_id, "name", album_id, duration) VALUES(24, 'Обдолбанный Вася', 21, '02:20:00');
INSERT INTO public.song (song_id, "name", album_id, duration) VALUES(25, 'Шансоньетка', 5, '04:28:00');
INSERT INTO public.song (song_id, "name", album_id, duration) VALUES(26, 'Уличная красотка', 5, '03:41:00');
INSERT INTO public.song (song_id, "name", album_id, duration) VALUES(27, 'Безработный музыкант', 5, '03:24:00');
INSERT INTO public.song (song_id, "name", album_id, duration) VALUES(28, 'Девочка-иголка', 5, '03:53:00');
INSERT INTO public.song (song_id, "name", album_id, duration) VALUES(29, 'Женщина ушла', 5, '04:35:00');
INSERT INTO public.song (song_id, "name", album_id, duration) VALUES(30, 'Белый голубь', 5, '04:12:00');
INSERT INTO public.song (song_id, "name", album_id, duration) VALUES(31, 'Прописка', 6, '04:45:00');
INSERT INTO public.song (song_id, "name", album_id, duration) VALUES(32, 'Белый голубь', 6, '04:06:00');
INSERT INTO public.song (song_id, "name", album_id, duration) VALUES(33, 'За морем синим', 6, '04:19:00');
INSERT INTO public.song (song_id, "name", album_id, duration) VALUES(34, 'Бурлак', 6, '03:16:00');
INSERT INTO public.song (song_id, "name", album_id, duration) VALUES(35, 'Женщина ушла', 6, '04:32:00');
INSERT INTO public.song (song_id, "name", album_id, duration) VALUES(36, 'На прощанье', 6, '04:14:00');
INSERT INTO public.song (song_id, "name", album_id, duration) VALUES(37, 'Чулочек', 7, '03:53:00');
INSERT INTO public.song (song_id, "name", album_id, duration) VALUES(38, 'Часы с русалкой', 7, '02:57:00');
INSERT INTO public.song (song_id, "name", album_id, duration) VALUES(39, 'Красивая', 7, '03:30:00');
INSERT INTO public.song (song_id, "name", album_id, duration) VALUES(40, 'Бабушка с косой', 7, '03:13:00');
INSERT INTO public.song (song_id, "name", album_id, duration) VALUES(41, '105-я статья', 7, '04:06:00');
INSERT INTO public.song (song_id, "name", album_id, duration) VALUES(42, 'Присказка', 7, '04:04:00');
INSERT INTO public.song (song_id, "name", album_id, duration) VALUES(43, 'Ты прохладой меня не мучай...', 8, '03:34:00');
INSERT INTO public.song (song_id, "name", album_id, duration) VALUES(44, 'Пускай ты выпита другим...', 8, '04:08:00');
INSERT INTO public.song (song_id, "name", album_id, duration) VALUES(45, 'Всё живое особой метой...', 8, '02:44:00');
INSERT INTO public.song (song_id, "name", album_id, duration) VALUES(46, 'Батум', 8, '04:28:00');
INSERT INTO public.song (song_id, "name", album_id, duration) VALUES(47, 'Пой же, пой...', 8, '04:30:00');
INSERT INTO public.song (song_id, "name", album_id, duration) VALUES(48, 'Папиросники', 8, '02:46:00');
INSERT INTO public.song (song_id, "name", album_id, duration) VALUES(49, 'Like A Star', 9, '04:01:00');
INSERT INTO public.song (song_id, "name", album_id, duration) VALUES(50, 'La vie en rose', 9, '03:47:00');
INSERT INTO public.song (song_id, "name", album_id, duration) VALUES(51, 'Cupid', 9, '03:56:00');
INSERT INTO public.song (song_id, "name", album_id, duration) VALUES(52, 'If I Ain’t Got You', 9, '05:06:00');
INSERT INTO public.song (song_id, "name", album_id, duration) VALUES(53, 'Vincent', 9, '04:00:00');
INSERT INTO public.song (song_id, "name", album_id, duration) VALUES(54, 'Your Love Is King / Smooth Operator', 9, '04:08:00');
INSERT INTO public.song (song_id, "name", album_id, duration) VALUES(55, 'I''ve Got You Under My Skin', 10, '03:56:00');
INSERT INTO public.song (song_id, "name", album_id, duration) VALUES(56, 'Ask Yourself Why', 10, '03:16:00');
INSERT INTO public.song (song_id, "name", album_id, duration) VALUES(57, 'Lately', 10, '04:44:00');
INSERT INTO public.song (song_id, "name", album_id, duration) VALUES(58, 'Disse Alguem', 10, '03:27:00');
INSERT INTO public.song (song_id, "name", album_id, duration) VALUES(59, 'Jobim Medley: How Insensitive / Corcovado / Dindi', 10, '06:39:00');
INSERT INTO public.song (song_id, "name", album_id, duration) VALUES(60, 'Watch What Happens', 10, '02:41:00');
INSERT INTO public.song (song_id, "name", album_id, duration) VALUES(61, 'Corcovado', 11, '04:06:00');
INSERT INTO public.song (song_id, "name", album_id, duration) VALUES(62, 'It Might As Well Be Spring', 11, '04:32:00');
INSERT INTO public.song (song_id, "name", album_id, duration) VALUES(63, 'Dindi', 11, '04:14:00');
INSERT INTO public.song (song_id, "name", album_id, duration) VALUES(64, 'The Lady Wants To Know', 11, '04:56:00');
INSERT INTO public.song (song_id, "name", album_id, duration) VALUES(65, 'Triste', 11, '04:00:00');
INSERT INTO public.song (song_id, "name", album_id, duration) VALUES(66, 'If You Went Away', 11, '04:30:00');
INSERT INTO public.song (song_id, "name", album_id, duration) VALUES(67, 'Dream A Little Dream', 12, '03:36:00');
INSERT INTO public.song (song_id, "name", album_id, duration) VALUES(68, 'It''s Crazy', 12, '04:03:00');
INSERT INTO public.song (song_id, "name", album_id, duration) VALUES(69, 'Good Morning Heartache', 12, '04:05:00');
INSERT INTO public.song (song_id, "name", album_id, duration) VALUES(70, 'Let There Be Love', 12, '02:45:00');
INSERT INTO public.song (song_id, "name", album_id, duration) VALUES(71, 'I Only Have Eyes For You', 12, '04:14:00');
INSERT INTO public.song (song_id, "name", album_id, duration) VALUES(72, 'Bewitched', 12, '06:14:00');
INSERT INTO public.song (song_id, "name", album_id, duration) VALUES(73, 'Square Peg, Round Hole', 13, '03:56:00');
INSERT INTO public.song (song_id, "name", album_id, duration) VALUES(74, 'Miss Your Kiss', 13, '04:05:00');
INSERT INTO public.song (song_id, "name", album_id, duration) VALUES(75, 'Shadows of the Big Man', 13, '04:49:00');
INSERT INTO public.song (song_id, "name", album_id, duration) VALUES(76, 'Where Do We Go from Here?', 13, '04:32:00');
INSERT INTO public.song (song_id, "name", album_id, duration) VALUES(77, 'Since I Found You', 13, '04:36:00');
INSERT INTO public.song (song_id, "name", album_id, duration) VALUES(78, 'Thinking of You', 13, '03:30:00');
INSERT INTO public.song (song_id, "name", album_id, duration) VALUES(79, 'On the Beach', 14, '05:04:00');
INSERT INTO public.song (song_id, "name", album_id, duration) VALUES(80, 'Little Blonde Plaits', 14, '04:20:00');
INSERT INTO public.song (song_id, "name", album_id, duration) VALUES(81, 'Giverny', 14, '05:39:00');
INSERT INTO public.song (song_id, "name", album_id, duration) VALUES(82, 'Lucky Day', 14, '03:57:00');
INSERT INTO public.song (song_id, "name", album_id, duration) VALUES(83, 'Just Passing Through', 14, '05:22:00');
INSERT INTO public.song (song_id, "name", album_id, duration) VALUES(84, 'It''s All Gone', 14, '07:30:00');
INSERT INTO public.song (song_id, "name", album_id, duration) VALUES(85, 'The Road to Hell, Pt. I', 15, '04:56:00');
INSERT INTO public.song (song_id, "name", album_id, duration) VALUES(86, 'The Road to Hell, Pt. II', 15, '04:32:00');
INSERT INTO public.song (song_id, "name", album_id, duration) VALUES(87, 'You Must Be Evil', 15, '04:22:00');
INSERT INTO public.song (song_id, "name", album_id, duration) VALUES(88, 'Texas', 15, '05:10:00');
INSERT INTO public.song (song_id, "name", album_id, duration) VALUES(89, 'Looking for a Rainbow', 15, '08:05:00');
INSERT INTO public.song (song_id, "name", album_id, duration) VALUES(90, 'Your Warm and Tender Love', 15, '04:33:00');
INSERT INTO public.song (song_id, "name", album_id, duration) VALUES(91, 'Joys of Christmas', 16, '05:15:00');
INSERT INTO public.song (song_id, "name", album_id, duration) VALUES(92, 'I Can''t Dance to That', 16, '04:19:00');
INSERT INTO public.song (song_id, "name", album_id, duration) VALUES(93, 'Windy Town', 16, '04:19:00');
INSERT INTO public.song (song_id, "name", album_id, duration) VALUES(94, 'Gonna Buy a Hat', 16, '04:23:00');
INSERT INTO public.song (song_id, "name", album_id, duration) VALUES(95, 'Curse of the Traveller', 16, '06:31:00');
INSERT INTO public.song (song_id, "name", album_id, duration) VALUES(96, 'Let''s Dance', 16, '04:07:00');

INSERT INTO public.songs_collection (collection_id, songs_id) VALUES(1, 1);
INSERT INTO public.songs_collection (collection_id, songs_id) VALUES(1, 7);
INSERT INTO public.songs_collection (collection_id, songs_id) VALUES(1, 15);
INSERT INTO public.songs_collection (collection_id, songs_id) VALUES(1, 8);
INSERT INTO public.songs_collection (collection_id, songs_id) VALUES(1, 5);
INSERT INTO public.songs_collection (collection_id, songs_id) VALUES(1, 10);
INSERT INTO public.songs_collection (collection_id, songs_id) VALUES(2, 96);
INSERT INTO public.songs_collection (collection_id, songs_id) VALUES(2, 14);
INSERT INTO public.songs_collection (collection_id, songs_id) VALUES(2, 65);
INSERT INTO public.songs_collection (collection_id, songs_id) VALUES(2, 39);
INSERT INTO public.songs_collection (collection_id, songs_id) VALUES(2, 70);
INSERT INTO public.songs_collection (collection_id, songs_id) VALUES(2, 4);
INSERT INTO public.songs_collection (collection_id, songs_id) VALUES(3, 44);
INSERT INTO public.songs_collection (collection_id, songs_id) VALUES(3, 38);
INSERT INTO public.songs_collection (collection_id, songs_id) VALUES(3, 11);
INSERT INTO public.songs_collection (collection_id, songs_id) VALUES(3, 33);
INSERT INTO public.songs_collection (collection_id, songs_id) VALUES(3, 62);
INSERT INTO public.songs_collection (collection_id, songs_id) VALUES(4, 81);
INSERT INTO public.songs_collection (collection_id, songs_id) VALUES(4, 77);
INSERT INTO public.songs_collection (collection_id, songs_id) VALUES(4, 18);
INSERT INTO public.songs_collection (collection_id, songs_id) VALUES(4, 43);
INSERT INTO public.songs_collection (collection_id, songs_id) VALUES(4, 50);